first_purchase_month,purchase_month,user_id
2020-02-01T00:00:00Z,2020-02-01T00:00:00Z,633426
2020-02-01T00:00:00Z,2020-02-01T00:00:00Z,367845
2020-02-01T00:00:00Z,2020-02-01T00:00:00Z,501780
2020-02-01T00:00:00Z,2020-02-01T00:00:00Z,633363
2020-02-01T00:00:00Z,2020-02-01T00:00:00Z,518749
2020-02-01T00:00:00Z,2020-02-01T00:00:00Z,367845
2020-02-01T00:00:00Z,2020-02-01T00:00:00Z,367845
2020-02-01T00:00:00Z,2020-02-01T00:00:00Z,620862
2020-02-01T00:00:00Z,2020-02-01T00:00:00Z,367845
2020-02-01T00:00:00Z,2020-02-01T00:00:00Z,566096
2020-02-01T00:00:00Z,2020-02-01T00:00:00Z,549329
2020-02-01T00:00:00Z,2020-02-01T00:00:00Z,171737
2020-02-01T00:00:00Z,2020-02-01T00:00:00Z,549329
2020-02-01T00:00:00Z,2020-02-01T00:00:00Z,367845
2020-02-01T00:00:00Z,2020-02-01T00:00:00Z,367845
2020-02-01T00:00:00Z,2020-02-01T00:00:00Z,600663
2020-02-01T00:00:00Z,2020-03-01T00:00:00Z,367845
2020-02-01T00:00:00Z,2020-03-01T00:00:00Z,367845
2020-02-01T00:00:00Z,2020-03-01T00:00:00Z,367845
2020-02-01T00:00:00Z,2020-03-01T00:00:00Z,367845
2020-02-01T00:00:00Z,2020-03-01T00:00:00Z,367845
2020-02-01T00:00:00Z,2020-03-01T00:00:00Z,367845
2020-02-01T00:00:00Z,2020-04-01T00:00:00Z,549329
2020-02-01T00:00:00Z,2020-04-01T00:00:00Z,549329
2020-02-01T00:00:00Z,2020-05-01T00:00:00Z,171737
2020-02-01T00:00:00Z,2020-05-01T00:00:00Z,549329
2020-02-01T00:00:00Z,2020-05-01T00:00:00Z,367845
2020-02-01T00:00:00Z,2020-06-01T00:00:00Z,171737
2020-02-01T00:00:00Z,2020-06-01T00:00:00Z,171737
2020-03-01T00:00:00Z,2020-03-01T00:00:00Z,431976
2020-03-01T00:00:00Z,2020-03-01T00:00:00Z,414464
2020-03-01T00:00:00Z,2020-03-01T00:00:00Z,256414
2020-03-01T00:00:00Z,2020-03-01T00:00:00Z,465977
2020-03-01T00:00:00Z,2020-03-01T00:00:00Z,281474
2020-03-01T00:00:00Z,2020-03-01T00:00:00Z,281474
2020-03-01T00:00:00Z,2020-03-01T00:00:00Z,437284
2020-03-01T00:00:00Z,2020-03-01T00:00:00Z,403833
2020-03-01T00:00:00Z,2020-03-01T00:00:00Z,397520
2020-03-01T00:00:00Z,2020-03-01T00:00:00Z,114925
2020-03-01T00:00:00Z,2020-03-01T00:00:00Z,392950
2020-03-01T00:00:00Z,2020-03-01T00:00:00Z,413046
2020-03-01T00:00:00Z,2020-03-01T00:00:00Z,173180
2020-03-01T00:00:00Z,2020-03-01T00:00:00Z,286108
2020-03-01T00:00:00Z,2020-03-01T00:00:00Z,256414
2020-03-01T00:00:00Z,2020-03-01T00:00:00Z,410873
2020-03-01T00:00:00Z,2020-03-01T00:00:00Z,215942
2020-03-01T00:00:00Z,2020-03-01T00:00:00Z,55952
2020-03-01T00:00:00Z,2020-03-01T00:00:00Z,229465
2020-03-01T00:00:00Z,2020-03-01T00:00:00Z,114925
2020-03-01T00:00:00Z,2020-03-01T00:00:00Z,266214
2020-03-01T00:00:00Z,2020-03-01T00:00:00Z,418950
2020-03-01T00:00:00Z,2020-04-01T00:00:00Z,281474
2020-03-01T00:00:00Z,2020-04-01T00:00:00Z,114925
2020-03-01T00:00:00Z,2020-04-01T00:00:00Z,114925
2020-03-01T00:00:00Z,2020-04-01T00:00:00Z,281474
2020-03-01T00:00:00Z,2020-04-01T00:00:00Z,114925
2020-03-01T00:00:00Z,2020-04-01T00:00:00Z,281474
2020-03-01T00:00:00Z,2020-04-01T00:00:00Z,281474
2020-03-01T00:00:00Z,2020-05-01T00:00:00Z,55952
2020-03-01T00:00:00Z,2020-05-01T00:00:00Z,256414
2020-03-01T00:00:00Z,2020-05-01T00:00:00Z,410873
2020-03-01T00:00:00Z,2020-05-01T00:00:00Z,256414
2020-03-01T00:00:00Z,2020-05-01T00:00:00Z,410873
2020-03-01T00:00:00Z,2020-05-01T00:00:00Z,114925
2020-03-01T00:00:00Z,2020-05-01T00:00:00Z,286108
2020-03-01T00:00:00Z,2020-05-01T00:00:00Z,173180
2020-03-01T00:00:00Z,2020-06-01T00:00:00Z,410873
2020-03-01T00:00:00Z,2020-06-01T00:00:00Z,173180
2020-03-01T00:00:00Z,2020-06-01T00:00:00Z,414464
2020-03-01T00:00:00Z,2020-06-01T00:00:00Z,281474
2020-03-01T00:00:00Z,2020-06-01T00:00:00Z,281474
2020-03-01T00:00:00Z,2020-06-01T00:00:00Z,266214
2020-03-01T00:00:00Z,2020-06-01T00:00:00Z,431976
2020-03-01T00:00:00Z,2020-06-01T00:00:00Z,431976
2020-03-01T00:00:00Z,2020-06-01T00:00:00Z,410873
2020-03-01T00:00:00Z,2020-06-01T00:00:00Z,256414
2020-03-01T00:00:00Z,2020-06-01T00:00:00Z,266214
2020-04-01T00:00:00Z,2020-04-01T00:00:00Z,789931
2020-04-01T00:00:00Z,2020-04-01T00:00:00Z,46634
2020-04-01T00:00:00Z,2020-04-01T00:00:00Z,188256
2020-04-01T00:00:00Z,2020-04-01T00:00:00Z,188511
2020-04-01T00:00:00Z,2020-04-01T00:00:00Z,410672
2020-04-01T00:00:00Z,2020-04-01T00:00:00Z,410672
2020-04-01T00:00:00Z,2020-04-01T00:00:00Z,787246
2020-04-01T00:00:00Z,2020-04-01T00:00:00Z,713383
2020-04-01T00:00:00Z,2020-04-01T00:00:00Z,781234
2020-04-01T00:00:00Z,2020-04-01T00:00:00Z,624965
2020-04-01T00:00:00Z,2020-04-01T00:00:00Z,714860
2020-04-01T00:00:00Z,2020-04-01T00:00:00Z,190036
2020-04-01T00:00:00Z,2020-04-01T00:00:00Z,190036
2020-04-01T00:00:00Z,2020-04-01T00:00:00Z,624965
2020-04-01T00:00:00Z,2020-04-01T00:00:00Z,714860
2020-04-01T00:00:00Z,2020-04-01T00:00:00Z,192705
2020-04-01T00:00:00Z,2020-04-01T00:00:00Z,193900
2020-04-01T00:00:00Z,2020-04-01T00:00:00Z,193900
2020-04-01T00:00:00Z,2020-04-01T00:00:00Z,193900
2020-04-01T00:00:00Z,2020-04-01T00:00:00Z,714860
2020-04-01T00:00:00Z,2020-04-01T00:00:00Z,194516
2020-04-01T00:00:00Z,2020-04-01T00:00:00Z,194750
2020-04-01T00:00:00Z,2020-04-01T00:00:00Z,778122
2020-04-01T00:00:00Z,2020-04-01T00:00:00Z,952084
2020-04-01T00:00:00Z,2020-04-01T00:00:00Z,761715
2020-04-01T00:00:00Z,2020-04-01T00:00:00Z,111997
2020-04-01T00:00:00Z,2020-04-01T00:00:00Z,198214
2020-04-01T00:00:00Z,2020-04-01T00:00:00Z,46634
2020-04-01T00:00:00Z,2020-04-01T00:00:00Z,703228
2020-04-01T00:00:00Z,2020-04-01T00:00:00Z,751135
2020-04-01T00:00:00Z,2020-04-01T00:00:00Z,199291
2020-04-01T00:00:00Z,2020-04-01T00:00:00Z,199291
2020-04-01T00:00:00Z,2020-04-01T00:00:00Z,199291
2020-04-01T00:00:00Z,2020-04-01T00:00:00Z,200303
2020-04-01T00:00:00Z,2020-04-01T00:00:00Z,200303
2020-04-01T00:00:00Z,2020-04-01T00:00:00Z,132240
2020-04-01T00:00:00Z,2020-04-01T00:00:00Z,200303
2020-04-01T00:00:00Z,2020-04-01T00:00:00Z,200303
2020-04-01T00:00:00Z,2020-04-01T00:00:00Z,132240
2020-04-01T00:00:00Z,2020-04-01T00:00:00Z,750206
2020-04-01T00:00:00Z,2020-04-01T00:00:00Z,62915
2020-04-01T00:00:00Z,2020-04-01T00:00:00Z,202523
2020-04-01T00:00:00Z,2020-04-01T00:00:00Z,202523
2020-04-01T00:00:00Z,2020-04-01T00:00:00Z,702745
2020-04-01T00:00:00Z,2020-04-01T00:00:00Z,750206
2020-04-01T00:00:00Z,2020-04-01T00:00:00Z,750206
2020-04-01T00:00:00Z,2020-04-01T00:00:00Z,205629
2020-04-01T00:00:00Z,2020-04-01T00:00:00Z,647638
2020-04-01T00:00:00Z,2020-04-01T00:00:00Z,206900
2020-04-01T00:00:00Z,2020-04-01T00:00:00Z,743010
2020-04-01T00:00:00Z,2020-04-01T00:00:00Z,958424
2020-04-01T00:00:00Z,2020-04-01T00:00:00Z,707079
2020-04-01T00:00:00Z,2020-04-01T00:00:00Z,132240
2020-04-01T00:00:00Z,2020-04-01T00:00:00Z,46634
2020-04-01T00:00:00Z,2020-04-01T00:00:00Z,738057
2020-04-01T00:00:00Z,2020-04-01T00:00:00Z,109000
2020-04-01T00:00:00Z,2020-04-01T00:00:00Z,108227
2020-04-01T00:00:00Z,2020-04-01T00:00:00Z,103734
2020-04-01T00:00:00Z,2020-04-01T00:00:00Z,103734
2020-04-01T00:00:00Z,2020-04-01T00:00:00Z,104453
2020-04-01T00:00:00Z,2020-04-01T00:00:00Z,652674
2020-04-01T00:00:00Z,2020-04-01T00:00:00Z,104763
2020-04-01T00:00:00Z,2020-04-01T00:00:00Z,106706
2020-04-01T00:00:00Z,2020-04-01T00:00:00Z,104763
2020-04-01T00:00:00Z,2020-04-01T00:00:00Z,106706
2020-04-01T00:00:00Z,2020-04-01T00:00:00Z,958258
2020-04-01T00:00:00Z,2020-04-01T00:00:00Z,723511
2020-04-01T00:00:00Z,2020-04-01T00:00:00Z,954037
2020-04-01T00:00:00Z,2020-04-01T00:00:00Z,723511
2020-04-01T00:00:00Z,2020-04-01T00:00:00Z,654539
2020-04-01T00:00:00Z,2020-04-01T00:00:00Z,295811
2020-04-01T00:00:00Z,2020-04-01T00:00:00Z,528723
2020-04-01T00:00:00Z,2020-04-01T00:00:00Z,507573
2020-04-01T00:00:00Z,2020-04-01T00:00:00Z,952084
2020-04-01T00:00:00Z,2020-04-01T00:00:00Z,686779
2020-04-01T00:00:00Z,2020-04-01T00:00:00Z,686779
2020-04-01T00:00:00Z,2020-04-01T00:00:00Z,945143
2020-04-01T00:00:00Z,2020-04-01T00:00:00Z,472067
2020-04-01T00:00:00Z,2020-04-01T00:00:00Z,163672
2020-04-01T00:00:00Z,2020-04-01T00:00:00Z,460736
2020-04-01T00:00:00Z,2020-04-01T00:00:00Z,699686
2020-04-01T00:00:00Z,2020-04-01T00:00:00Z,972086
2020-04-01T00:00:00Z,2020-04-01T00:00:00Z,699686
2020-04-01T00:00:00Z,2020-04-01T00:00:00Z,695792
2020-04-01T00:00:00Z,2020-04-01T00:00:00Z,695792
2020-04-01T00:00:00Z,2020-04-01T00:00:00Z,713383
2020-04-01T00:00:00Z,2020-04-01T00:00:00Z,945143
2020-04-01T00:00:00Z,2020-04-01T00:00:00Z,699686
2020-04-01T00:00:00Z,2020-04-01T00:00:00Z,699686
2020-04-01T00:00:00Z,2020-04-01T00:00:00Z,699686
2020-04-01T00:00:00Z,2020-04-01T00:00:00Z,699686
2020-04-01T00:00:00Z,2020-04-01T00:00:00Z,699686
2020-04-01T00:00:00Z,2020-04-01T00:00:00Z,699686
2020-04-01T00:00:00Z,2020-04-01T00:00:00Z,945143
2020-04-01T00:00:00Z,2020-04-01T00:00:00Z,31709
2020-04-01T00:00:00Z,2020-04-01T00:00:00Z,942608
2020-04-01T00:00:00Z,2020-04-01T00:00:00Z,937526
2020-04-01T00:00:00Z,2020-04-01T00:00:00Z,165952
2020-04-01T00:00:00Z,2020-04-01T00:00:00Z,424913
2020-04-01T00:00:00Z,2020-04-01T00:00:00Z,423026
2020-04-01T00:00:00Z,2020-04-01T00:00:00Z,166365
2020-04-01T00:00:00Z,2020-04-01T00:00:00Z,935151
2020-04-01T00:00:00Z,2020-04-01T00:00:00Z,31709
2020-04-01T00:00:00Z,2020-04-01T00:00:00Z,610635
2020-04-01T00:00:00Z,2020-04-01T00:00:00Z,930288
2020-04-01T00:00:00Z,2020-04-01T00:00:00Z,918088
2020-04-01T00:00:00Z,2020-04-01T00:00:00Z,911831
2020-04-01T00:00:00Z,2020-04-01T00:00:00Z,703228
2020-04-01T00:00:00Z,2020-04-01T00:00:00Z,172404
2020-04-01T00:00:00Z,2020-04-01T00:00:00Z,172817
2020-04-01T00:00:00Z,2020-04-01T00:00:00Z,172817
2020-04-01T00:00:00Z,2020-04-01T00:00:00Z,172817
2020-04-01T00:00:00Z,2020-04-01T00:00:00Z,906271
2020-04-01T00:00:00Z,2020-04-01T00:00:00Z,703228
2020-04-01T00:00:00Z,2020-04-01T00:00:00Z,888840
2020-04-01T00:00:00Z,2020-04-01T00:00:00Z,612299
2020-04-01T00:00:00Z,2020-04-01T00:00:00Z,32791
2020-04-01T00:00:00Z,2020-04-01T00:00:00Z,814328
2020-04-01T00:00:00Z,2020-04-01T00:00:00Z,612299
2020-04-01T00:00:00Z,2020-04-01T00:00:00Z,612299
2020-04-01T00:00:00Z,2020-04-01T00:00:00Z,612299
2020-04-01T00:00:00Z,2020-04-01T00:00:00Z,179225
2020-04-01T00:00:00Z,2020-04-01T00:00:00Z,703228
2020-04-01T00:00:00Z,2020-04-01T00:00:00Z,807316
2020-04-01T00:00:00Z,2020-04-01T00:00:00Z,789931
2020-04-01T00:00:00Z,2020-04-01T00:00:00Z,46634
2020-04-01T00:00:00Z,2020-04-01T00:00:00Z,789931
2020-04-01T00:00:00Z,2020-04-01T00:00:00Z,46634
2020-04-01T00:00:00Z,2020-04-01T00:00:00Z,46634
2020-04-01T00:00:00Z,2020-04-01T00:00:00Z,46634
2020-04-01T00:00:00Z,2020-05-01T00:00:00Z,194750
2020-04-01T00:00:00Z,2020-05-01T00:00:00Z,707079
2020-04-01T00:00:00Z,2020-05-01T00:00:00Z,612299
2020-04-01T00:00:00Z,2020-05-01T00:00:00Z,624965
2020-04-01T00:00:00Z,2020-05-01T00:00:00Z,652674
2020-04-01T00:00:00Z,2020-05-01T00:00:00Z,699686
2020-04-01T00:00:00Z,2020-05-01T00:00:00Z,699686
2020-04-01T00:00:00Z,2020-05-01T00:00:00Z,165952
2020-04-01T00:00:00Z,2020-05-01T00:00:00Z,31709
2020-04-01T00:00:00Z,2020-05-01T00:00:00Z,930288
2020-04-01T00:00:00Z,2020-05-01T00:00:00Z,31709
2020-04-01T00:00:00Z,2020-05-01T00:00:00Z,172404
2020-04-01T00:00:00Z,2020-05-01T00:00:00Z,906271
2020-04-01T00:00:00Z,2020-05-01T00:00:00Z,32791
2020-04-01T00:00:00Z,2020-05-01T00:00:00Z,32791
2020-04-01T00:00:00Z,2020-05-01T00:00:00Z,807316
2020-04-01T00:00:00Z,2020-05-01T00:00:00Z,807316
2020-04-01T00:00:00Z,2020-05-01T00:00:00Z,32791
2020-04-01T00:00:00Z,2020-05-01T00:00:00Z,972086
2020-04-01T00:00:00Z,2020-05-01T00:00:00Z,807316
2020-04-01T00:00:00Z,2020-05-01T00:00:00Z,46634
2020-04-01T00:00:00Z,2020-05-01T00:00:00Z,787246
2020-04-01T00:00:00Z,2020-05-01T00:00:00Z,46634
2020-04-01T00:00:00Z,2020-05-01T00:00:00Z,190036
2020-04-01T00:00:00Z,2020-05-01T00:00:00Z,193900
2020-04-01T00:00:00Z,2020-05-01T00:00:00Z,194516
2020-04-01T00:00:00Z,2020-05-01T00:00:00Z,194516
2020-04-01T00:00:00Z,2020-05-01T00:00:00Z,778122
2020-04-01T00:00:00Z,2020-05-01T00:00:00Z,46634
2020-04-01T00:00:00Z,2020-05-01T00:00:00Z,751135
2020-04-01T00:00:00Z,2020-05-01T00:00:00Z,200303
2020-04-01T00:00:00Z,2020-05-01T00:00:00Z,751135
2020-04-01T00:00:00Z,2020-05-01T00:00:00Z,202523
2020-04-01T00:00:00Z,2020-05-01T00:00:00Z,206900
2020-04-01T00:00:00Z,2020-05-01T00:00:00Z,103734
2020-04-01T00:00:00Z,2020-05-01T00:00:00Z,103734
2020-04-01T00:00:00Z,2020-05-01T00:00:00Z,104453
2020-04-01T00:00:00Z,2020-05-01T00:00:00Z,738057
2020-04-01T00:00:00Z,2020-05-01T00:00:00Z,723511
2020-04-01T00:00:00Z,2020-05-01T00:00:00Z,410672
2020-04-01T00:00:00Z,2020-05-01T00:00:00Z,423026
2020-04-01T00:00:00Z,2020-05-01T00:00:00Z,423026
2020-04-01T00:00:00Z,2020-05-01T00:00:00Z,424913
2020-04-01T00:00:00Z,2020-05-01T00:00:00Z,707079
2020-04-01T00:00:00Z,2020-05-01T00:00:00Z,472067
2020-04-01T00:00:00Z,2020-05-01T00:00:00Z,707079
2020-04-01T00:00:00Z,2020-05-01T00:00:00Z,707079
2020-04-01T00:00:00Z,2020-06-01T00:00:00Z,103734
2020-04-01T00:00:00Z,2020-06-01T00:00:00Z,103734
2020-04-01T00:00:00Z,2020-06-01T00:00:00Z,958424
2020-04-01T00:00:00Z,2020-06-01T00:00:00Z,743010
2020-04-01T00:00:00Z,2020-06-01T00:00:00Z,62915
2020-04-01T00:00:00Z,2020-06-01T00:00:00Z,205629
2020-04-01T00:00:00Z,2020-06-01T00:00:00Z,743010
2020-04-01T00:00:00Z,2020-06-01T00:00:00Z,750206
2020-04-01T00:00:00Z,2020-06-01T00:00:00Z,751135
2020-04-01T00:00:00Z,2020-06-01T00:00:00Z,199291
2020-04-01T00:00:00Z,2020-06-01T00:00:00Z,199291
2020-04-01T00:00:00Z,2020-06-01T00:00:00Z,46634
2020-04-01T00:00:00Z,2020-06-01T00:00:00Z,198214
2020-04-01T00:00:00Z,2020-06-01T00:00:00Z,194750
2020-04-01T00:00:00Z,2020-06-01T00:00:00Z,194516
2020-04-01T00:00:00Z,2020-06-01T00:00:00Z,194516
2020-04-01T00:00:00Z,2020-06-01T00:00:00Z,194516
2020-04-01T00:00:00Z,2020-06-01T00:00:00Z,778122
2020-04-01T00:00:00Z,2020-06-01T00:00:00Z,190036
2020-04-01T00:00:00Z,2020-06-01T00:00:00Z,714860
2020-04-01T00:00:00Z,2020-06-01T00:00:00Z,46634
2020-04-01T00:00:00Z,2020-06-01T00:00:00Z,46634
2020-04-01T00:00:00Z,2020-06-01T00:00:00Z,686779
2020-04-01T00:00:00Z,2020-06-01T00:00:00Z,410672
2020-04-01T00:00:00Z,2020-06-01T00:00:00Z,46634
2020-04-01T00:00:00Z,2020-06-01T00:00:00Z,188511
2020-04-01T00:00:00Z,2020-06-01T00:00:00Z,188256
2020-04-01T00:00:00Z,2020-06-01T00:00:00Z,188256
2020-04-01T00:00:00Z,2020-06-01T00:00:00Z,179225
2020-04-01T00:00:00Z,2020-06-01T00:00:00Z,179225
2020-04-01T00:00:00Z,2020-06-01T00:00:00Z,172817
2020-04-01T00:00:00Z,2020-06-01T00:00:00Z,172404
2020-04-01T00:00:00Z,2020-06-01T00:00:00Z,166365
2020-04-01T00:00:00Z,2020-06-01T00:00:00Z,165952
2020-04-01T00:00:00Z,2020-06-01T00:00:00Z,423026
2020-04-01T00:00:00Z,2020-06-01T00:00:00Z,165952
2020-04-01T00:00:00Z,2020-06-01T00:00:00Z,702745
2020-04-01T00:00:00Z,2020-06-01T00:00:00Z,702745
2020-04-01T00:00:00Z,2020-06-01T00:00:00Z,952084
2020-04-01T00:00:00Z,2020-06-01T00:00:00Z,165952
2020-04-01T00:00:00Z,2020-06-01T00:00:00Z,165952
2020-04-01T00:00:00Z,2020-06-01T00:00:00Z,699686
2020-04-01T00:00:00Z,2020-06-01T00:00:00Z,699686
2020-04-01T00:00:00Z,2020-06-01T00:00:00Z,713383
2020-04-01T00:00:00Z,2020-06-01T00:00:00Z,713383
2020-04-01T00:00:00Z,2020-06-01T00:00:00Z,695792
2020-04-01T00:00:00Z,2020-06-01T00:00:00Z,695792
2020-04-01T00:00:00Z,2020-06-01T00:00:00Z,647638
2020-04-01T00:00:00Z,2020-06-01T00:00:00Z,163672
2020-04-01T00:00:00Z,2020-06-01T00:00:00Z,460736
2020-04-01T00:00:00Z,2020-06-01T00:00:00Z,702745
2020-04-01T00:00:00Z,2020-06-01T00:00:00Z,703228
2020-04-01T00:00:00Z,2020-06-01T00:00:00Z,702745
2020-04-01T00:00:00Z,2020-06-01T00:00:00Z,686779
2020-04-01T00:00:00Z,2020-06-01T00:00:00Z,703228
2020-04-01T00:00:00Z,2020-06-01T00:00:00Z,703228
2020-04-01T00:00:00Z,2020-06-01T00:00:00Z,714860
2020-04-01T00:00:00Z,2020-06-01T00:00:00Z,954037
2020-04-01T00:00:00Z,2020-06-01T00:00:00Z,104763
2020-04-01T00:00:00Z,2020-06-01T00:00:00Z,723511
2020-04-01T00:00:00Z,2020-06-01T00:00:00Z,108227
2020-04-01T00:00:00Z,2020-06-01T00:00:00Z,103734
2020-04-01T00:00:00Z,2020-06-01T00:00:00Z,103734
2020-04-01T00:00:00Z,2020-06-01T00:00:00Z,738057
2020-05-01T00:00:00Z,2020-05-01T00:00:00Z,218942
2020-05-01T00:00:00Z,2020-05-01T00:00:00Z,163996
2020-05-01T00:00:00Z,2020-05-01T00:00:00Z,164561
2020-05-01T00:00:00Z,2020-05-01T00:00:00Z,166530
2020-05-01T00:00:00Z,2020-05-01T00:00:00Z,169324
2020-05-01T00:00:00Z,2020-05-01T00:00:00Z,169439
2020-05-01T00:00:00Z,2020-05-01T00:00:00Z,174327
2020-05-01T00:00:00Z,2020-05-01T00:00:00Z,174327
2020-05-01T00:00:00Z,2020-05-01T00:00:00Z,174327
2020-05-01T00:00:00Z,2020-05-01T00:00:00Z,179048
2020-05-01T00:00:00Z,2020-05-01T00:00:00Z,180572
2020-05-01T00:00:00Z,2020-05-01T00:00:00Z,183321
2020-05-01T00:00:00Z,2020-05-01T00:00:00Z,183842
2020-05-01T00:00:00Z,2020-05-01T00:00:00Z,183842
2020-05-01T00:00:00Z,2020-05-01T00:00:00Z,183842
2020-05-01T00:00:00Z,2020-05-01T00:00:00Z,183842
2020-05-01T00:00:00Z,2020-05-01T00:00:00Z,185415
2020-05-01T00:00:00Z,2020-05-01T00:00:00Z,188683
2020-05-01T00:00:00Z,2020-05-01T00:00:00Z,188838
2020-05-01T00:00:00Z,2020-05-01T00:00:00Z,189329
2020-05-01T00:00:00Z,2020-05-01T00:00:00Z,189565
2020-05-01T00:00:00Z,2020-05-01T00:00:00Z,197720
2020-05-01T00:00:00Z,2020-05-01T00:00:00Z,198598
2020-05-01T00:00:00Z,2020-05-01T00:00:00Z,199029
2020-05-01T00:00:00Z,2020-05-01T00:00:00Z,200569
2020-05-01T00:00:00Z,2020-05-01T00:00:00Z,200918
2020-05-01T00:00:00Z,2020-05-01T00:00:00Z,201890
2020-05-01T00:00:00Z,2020-05-01T00:00:00Z,201890
2020-05-01T00:00:00Z,2020-05-01T00:00:00Z,207697
2020-05-01T00:00:00Z,2020-05-01T00:00:00Z,208572
2020-05-01T00:00:00Z,2020-05-01T00:00:00Z,210651
2020-05-01T00:00:00Z,2020-05-01T00:00:00Z,212309
2020-05-01T00:00:00Z,2020-05-01T00:00:00Z,212309
2020-05-01T00:00:00Z,2020-05-01T00:00:00Z,212309
2020-05-01T00:00:00Z,2020-05-01T00:00:00Z,212309
2020-05-01T00:00:00Z,2020-05-01T00:00:00Z,218942
2020-05-01T00:00:00Z,2020-05-01T00:00:00Z,218942
2020-05-01T00:00:00Z,2020-05-01T00:00:00Z,218942
2020-05-01T00:00:00Z,2020-05-01T00:00:00Z,218942
2020-05-01T00:00:00Z,2020-05-01T00:00:00Z,24640
2020-05-01T00:00:00Z,2020-05-01T00:00:00Z,218942
2020-05-01T00:00:00Z,2020-05-01T00:00:00Z,246508
2020-05-01T00:00:00Z,2020-05-01T00:00:00Z,258539
2020-05-01T00:00:00Z,2020-05-01T00:00:00Z,258539
2020-05-01T00:00:00Z,2020-05-01T00:00:00Z,258539
2020-05-01T00:00:00Z,2020-05-01T00:00:00Z,279335
2020-05-01T00:00:00Z,2020-05-01T00:00:00Z,335981
2020-05-01T00:00:00Z,2020-05-01T00:00:00Z,358152
2020-05-01T00:00:00Z,2020-05-01T00:00:00Z,358152
2020-05-01T00:00:00Z,2020-05-01T00:00:00Z,366175
2020-05-01T00:00:00Z,2020-05-01T00:00:00Z,366175
2020-05-01T00:00:00Z,2020-05-01T00:00:00Z,366175
2020-05-01T00:00:00Z,2020-05-01T00:00:00Z,371317
2020-05-01T00:00:00Z,2020-05-01T00:00:00Z,480464
2020-05-01T00:00:00Z,2020-05-01T00:00:00Z,556205
2020-05-01T00:00:00Z,2020-05-01T00:00:00Z,582059
2020-05-01T00:00:00Z,2020-05-01T00:00:00Z,622137
2020-05-01T00:00:00Z,2020-05-01T00:00:00Z,633981
2020-05-01T00:00:00Z,2020-05-01T00:00:00Z,638611
2020-05-01T00:00:00Z,2020-05-01T00:00:00Z,638611
2020-05-01T00:00:00Z,2020-05-01T00:00:00Z,645698
2020-05-01T00:00:00Z,2020-05-01T00:00:00Z,645698
2020-05-01T00:00:00Z,2020-05-01T00:00:00Z,650351
2020-05-01T00:00:00Z,2020-05-01T00:00:00Z,668405
2020-05-01T00:00:00Z,2020-05-01T00:00:00Z,686620
2020-05-01T00:00:00Z,2020-05-01T00:00:00Z,688491
2020-05-01T00:00:00Z,2020-05-01T00:00:00Z,688779
2020-05-01T00:00:00Z,2020-05-01T00:00:00Z,689111
2020-05-01T00:00:00Z,2020-05-01T00:00:00Z,695619
2020-05-01T00:00:00Z,2020-05-01T00:00:00Z,696660
2020-05-01T00:00:00Z,2020-05-01T00:00:00Z,700963
2020-05-01T00:00:00Z,2020-05-01T00:00:00Z,705576
2020-05-01T00:00:00Z,2020-05-01T00:00:00Z,706197
2020-05-01T00:00:00Z,2020-05-01T00:00:00Z,710790
2020-05-01T00:00:00Z,2020-05-01T00:00:00Z,711820
2020-05-01T00:00:00Z,2020-05-01T00:00:00Z,713173
2020-05-01T00:00:00Z,2020-05-01T00:00:00Z,714548
2020-05-01T00:00:00Z,2020-05-01T00:00:00Z,715980
2020-05-01T00:00:00Z,2020-05-01T00:00:00Z,716464
2020-05-01T00:00:00Z,2020-05-01T00:00:00Z,720141
2020-05-01T00:00:00Z,2020-05-01T00:00:00Z,720141
2020-05-01T00:00:00Z,2020-05-01T00:00:00Z,722099
2020-05-01T00:00:00Z,2020-05-01T00:00:00Z,723474
2020-05-01T00:00:00Z,2020-05-01T00:00:00Z,723474
2020-05-01T00:00:00Z,2020-05-01T00:00:00Z,723514
2020-05-01T00:00:00Z,2020-05-01T00:00:00Z,723554
2020-05-01T00:00:00Z,2020-05-01T00:00:00Z,725672
2020-05-01T00:00:00Z,2020-05-01T00:00:00Z,728064
2020-05-01T00:00:00Z,2020-05-01T00:00:00Z,733341
2020-05-01T00:00:00Z,2020-05-01T00:00:00Z,733341
2020-05-01T00:00:00Z,2020-05-01T00:00:00Z,736217
2020-05-01T00:00:00Z,2020-05-01T00:00:00Z,736863
2020-05-01T00:00:00Z,2020-05-01T00:00:00Z,742205
2020-05-01T00:00:00Z,2020-05-01T00:00:00Z,745875
2020-05-01T00:00:00Z,2020-05-01T00:00:00Z,746626
2020-05-01T00:00:00Z,2020-05-01T00:00:00Z,762242
2020-05-01T00:00:00Z,2020-05-01T00:00:00Z,762242
2020-05-01T00:00:00Z,2020-05-01T00:00:00Z,791728
2020-05-01T00:00:00Z,2020-05-01T00:00:00Z,800028
2020-05-01T00:00:00Z,2020-05-01T00:00:00Z,804830
2020-05-01T00:00:00Z,2020-05-01T00:00:00Z,824350
2020-05-01T00:00:00Z,2020-05-01T00:00:00Z,824350
2020-05-01T00:00:00Z,2020-05-01T00:00:00Z,855474
2020-05-01T00:00:00Z,2020-05-01T00:00:00Z,898443
2020-05-01T00:00:00Z,2020-05-01T00:00:00Z,898443
2020-05-01T00:00:00Z,2020-05-01T00:00:00Z,918896
2020-05-01T00:00:00Z,2020-05-01T00:00:00Z,922206
2020-05-01T00:00:00Z,2020-05-01T00:00:00Z,934758
2020-05-01T00:00:00Z,2020-05-01T00:00:00Z,946277
2020-05-01T00:00:00Z,2020-05-01T00:00:00Z,946277
2020-05-01T00:00:00Z,2020-05-01T00:00:00Z,946277
2020-05-01T00:00:00Z,2020-05-01T00:00:00Z,946277
2020-05-01T00:00:00Z,2020-05-01T00:00:00Z,946277
2020-05-01T00:00:00Z,2020-05-01T00:00:00Z,946277
2020-05-01T00:00:00Z,2020-05-01T00:00:00Z,947590
2020-05-01T00:00:00Z,2020-05-01T00:00:00Z,964054
2020-05-01T00:00:00Z,2020-05-01T00:00:00Z,1002410
2020-05-01T00:00:00Z,2020-05-01T00:00:00Z,1022243
2020-05-01T00:00:00Z,2020-05-01T00:00:00Z,1042214
2020-05-01T00:00:00Z,2020-05-01T00:00:00Z,1044686
2020-05-01T00:00:00Z,2020-05-01T00:00:00Z,1050122
2020-05-01T00:00:00Z,2020-05-01T00:00:00Z,1063819
2020-05-01T00:00:00Z,2020-05-01T00:00:00Z,1068673
2020-05-01T00:00:00Z,2020-05-01T00:00:00Z,1080360
2020-05-01T00:00:00Z,2020-05-01T00:00:00Z,1080360
2020-05-01T00:00:00Z,2020-05-01T00:00:00Z,1080360
2020-05-01T00:00:00Z,2020-05-01T00:00:00Z,1080360
2020-05-01T00:00:00Z,2020-05-01T00:00:00Z,1089616
2020-05-01T00:00:00Z,2020-05-01T00:00:00Z,1096005
2020-05-01T00:00:00Z,2020-05-01T00:00:00Z,1096005
2020-05-01T00:00:00Z,2020-05-01T00:00:00Z,1097259
2020-05-01T00:00:00Z,2020-05-01T00:00:00Z,1097259
2020-05-01T00:00:00Z,2020-05-01T00:00:00Z,1104213
2020-05-01T00:00:00Z,2020-05-01T00:00:00Z,1104213
2020-05-01T00:00:00Z,2020-05-01T00:00:00Z,1110803
2020-05-01T00:00:00Z,2020-05-01T00:00:00Z,1110803
2020-05-01T00:00:00Z,2020-05-01T00:00:00Z,1110803
2020-05-01T00:00:00Z,2020-05-01T00:00:00Z,1113120
2020-05-01T00:00:00Z,2020-05-01T00:00:00Z,1120552
2020-05-01T00:00:00Z,2020-05-01T00:00:00Z,1120552
2020-05-01T00:00:00Z,2020-05-01T00:00:00Z,1122397
2020-05-01T00:00:00Z,2020-05-01T00:00:00Z,1122397
2020-05-01T00:00:00Z,2020-05-01T00:00:00Z,1128213
2020-05-01T00:00:00Z,2020-05-01T00:00:00Z,1128213
2020-05-01T00:00:00Z,2020-05-01T00:00:00Z,1128213
2020-05-01T00:00:00Z,2020-05-01T00:00:00Z,1129124
2020-05-01T00:00:00Z,2020-05-01T00:00:00Z,1129124
2020-05-01T00:00:00Z,2020-05-01T00:00:00Z,1129316
2020-05-01T00:00:00Z,2020-05-01T00:00:00Z,1130262
2020-05-01T00:00:00Z,2020-05-01T00:00:00Z,1133705
2020-05-01T00:00:00Z,2020-05-01T00:00:00Z,1133705
2020-05-01T00:00:00Z,2020-05-01T00:00:00Z,1134612
2020-05-01T00:00:00Z,2020-05-01T00:00:00Z,1135375
2020-05-01T00:00:00Z,2020-05-01T00:00:00Z,1135375
2020-05-01T00:00:00Z,2020-05-01T00:00:00Z,1135375
2020-05-01T00:00:00Z,2020-05-01T00:00:00Z,1136340
2020-05-01T00:00:00Z,2020-05-01T00:00:00Z,1136340
2020-05-01T00:00:00Z,2020-05-01T00:00:00Z,1136647
2020-05-01T00:00:00Z,2020-05-01T00:00:00Z,1136647
2020-05-01T00:00:00Z,2020-05-01T00:00:00Z,1139097
2020-05-01T00:00:00Z,2020-05-01T00:00:00Z,1141301
2020-05-01T00:00:00Z,2020-05-01T00:00:00Z,1141301
2020-05-01T00:00:00Z,2020-05-01T00:00:00Z,1141796
2020-05-01T00:00:00Z,2020-05-01T00:00:00Z,1142473
2020-05-01T00:00:00Z,2020-05-01T00:00:00Z,1142677
2020-05-01T00:00:00Z,2020-05-01T00:00:00Z,1143504
2020-05-01T00:00:00Z,2020-05-01T00:00:00Z,1143756
2020-05-01T00:00:00Z,2020-05-01T00:00:00Z,1145629
2020-05-01T00:00:00Z,2020-05-01T00:00:00Z,1146019
2020-05-01T00:00:00Z,2020-05-01T00:00:00Z,1146019
2020-05-01T00:00:00Z,2020-05-01T00:00:00Z,1147474
2020-05-01T00:00:00Z,2020-05-01T00:00:00Z,1148148
2020-05-01T00:00:00Z,2020-05-01T00:00:00Z,1149855
2020-05-01T00:00:00Z,2020-05-01T00:00:00Z,1150335
2020-05-01T00:00:00Z,2020-05-01T00:00:00Z,1150335
2020-05-01T00:00:00Z,2020-05-01T00:00:00Z,1150335
2020-05-01T00:00:00Z,2020-05-01T00:00:00Z,1152560
2020-05-01T00:00:00Z,2020-05-01T00:00:00Z,1153907
2020-05-01T00:00:00Z,2020-05-01T00:00:00Z,1156215
2020-05-01T00:00:00Z,2020-05-01T00:00:00Z,1157853
2020-05-01T00:00:00Z,2020-05-01T00:00:00Z,1161229
2020-05-01T00:00:00Z,2020-05-01T00:00:00Z,1161846
2020-05-01T00:00:00Z,2020-05-01T00:00:00Z,1164748
2020-05-01T00:00:00Z,2020-05-01T00:00:00Z,1165509
2020-05-01T00:00:00Z,2020-05-01T00:00:00Z,1165509
2020-05-01T00:00:00Z,2020-05-01T00:00:00Z,1167860
2020-05-01T00:00:00Z,2020-05-01T00:00:00Z,1174425
2020-05-01T00:00:00Z,2020-05-01T00:00:00Z,1175731
2020-05-01T00:00:00Z,2020-05-01T00:00:00Z,1176168
2020-05-01T00:00:00Z,2020-05-01T00:00:00Z,1176516
2020-05-01T00:00:00Z,2020-05-01T00:00:00Z,1177465
2020-05-01T00:00:00Z,2020-05-01T00:00:00Z,1178570
2020-05-01T00:00:00Z,2020-05-01T00:00:00Z,1179263
2020-05-01T00:00:00Z,2020-05-01T00:00:00Z,1180198
2020-05-01T00:00:00Z,2020-05-01T00:00:00Z,1180420
2020-05-01T00:00:00Z,2020-05-01T00:00:00Z,1181756
2020-05-01T00:00:00Z,2020-05-01T00:00:00Z,1181909
2020-05-01T00:00:00Z,2020-05-01T00:00:00Z,1182591
2020-05-01T00:00:00Z,2020-05-01T00:00:00Z,1183761
2020-05-01T00:00:00Z,2020-05-01T00:00:00Z,1184284
2020-05-01T00:00:00Z,2020-05-01T00:00:00Z,1185459
2020-05-01T00:00:00Z,2020-05-01T00:00:00Z,1185459
2020-05-01T00:00:00Z,2020-05-01T00:00:00Z,1187354
2020-05-01T00:00:00Z,2020-05-01T00:00:00Z,1187468
2020-05-01T00:00:00Z,2020-05-01T00:00:00Z,1191266
2020-05-01T00:00:00Z,2020-05-01T00:00:00Z,1191324
2020-05-01T00:00:00Z,2020-05-01T00:00:00Z,1193933
2020-05-01T00:00:00Z,2020-05-01T00:00:00Z,1194906
2020-05-01T00:00:00Z,2020-05-01T00:00:00Z,1194906
2020-05-01T00:00:00Z,2020-05-01T00:00:00Z,1194906
2020-05-01T00:00:00Z,2020-05-01T00:00:00Z,1194906
2020-05-01T00:00:00Z,2020-05-01T00:00:00Z,1194906
2020-05-01T00:00:00Z,2020-05-01T00:00:00Z,1194906
2020-05-01T00:00:00Z,2020-05-01T00:00:00Z,1195755
2020-05-01T00:00:00Z,2020-05-01T00:00:00Z,1198437
2020-05-01T00:00:00Z,2020-05-01T00:00:00Z,1200148
2020-05-01T00:00:00Z,2020-05-01T00:00:00Z,1202071
2020-05-01T00:00:00Z,2020-05-01T00:00:00Z,1202359
2020-05-01T00:00:00Z,2020-05-01T00:00:00Z,1203793
2020-05-01T00:00:00Z,2020-05-01T00:00:00Z,1205156
2020-05-01T00:00:00Z,2020-05-01T00:00:00Z,1212216
2020-05-01T00:00:00Z,2020-05-01T00:00:00Z,1213658
2020-05-01T00:00:00Z,2020-05-01T00:00:00Z,1215352
2020-05-01T00:00:00Z,2020-05-01T00:00:00Z,1218243
2020-05-01T00:00:00Z,2020-05-01T00:00:00Z,1221160
2020-05-01T00:00:00Z,2020-05-01T00:00:00Z,1225035
2020-05-01T00:00:00Z,2020-05-01T00:00:00Z,1225035
2020-05-01T00:00:00Z,2020-05-01T00:00:00Z,1230723
2020-05-01T00:00:00Z,2020-05-01T00:00:00Z,1231140
2020-05-01T00:00:00Z,2020-05-01T00:00:00Z,1234900
2020-05-01T00:00:00Z,2020-05-01T00:00:00Z,1236859
2020-05-01T00:00:00Z,2020-05-01T00:00:00Z,1238771
2020-05-01T00:00:00Z,2020-05-01T00:00:00Z,1239321
2020-05-01T00:00:00Z,2020-05-01T00:00:00Z,1241261
2020-05-01T00:00:00Z,2020-05-01T00:00:00Z,1242132
2020-05-01T00:00:00Z,2020-05-01T00:00:00Z,1245273
2020-05-01T00:00:00Z,2020-05-01T00:00:00Z,1245610
2020-05-01T00:00:00Z,2020-05-01T00:00:00Z,1246301
2020-05-01T00:00:00Z,2020-05-01T00:00:00Z,1246301
2020-05-01T00:00:00Z,2020-05-01T00:00:00Z,1248207
2020-05-01T00:00:00Z,2020-05-01T00:00:00Z,1249028
2020-05-01T00:00:00Z,2020-05-01T00:00:00Z,1254560
2020-05-01T00:00:00Z,2020-05-01T00:00:00Z,1256111
2020-05-01T00:00:00Z,2020-05-01T00:00:00Z,1261158
2020-05-01T00:00:00Z,2020-05-01T00:00:00Z,1262362
2020-05-01T00:00:00Z,2020-05-01T00:00:00Z,1265448
2020-05-01T00:00:00Z,2020-05-01T00:00:00Z,1268542
2020-05-01T00:00:00Z,2020-05-01T00:00:00Z,1271689
2020-05-01T00:00:00Z,2020-05-01T00:00:00Z,1280656
2020-05-01T00:00:00Z,2020-05-01T00:00:00Z,1280656
2020-05-01T00:00:00Z,2020-05-01T00:00:00Z,1280739
2020-05-01T00:00:00Z,2020-05-01T00:00:00Z,1283506
2020-05-01T00:00:00Z,2020-05-01T00:00:00Z,1284767
2020-05-01T00:00:00Z,2020-05-01T00:00:00Z,1286807
2020-05-01T00:00:00Z,2020-05-01T00:00:00Z,1289483
2020-05-01T00:00:00Z,2020-05-01T00:00:00Z,1292894
2020-05-01T00:00:00Z,2020-05-01T00:00:00Z,1299338
2020-05-01T00:00:00Z,2020-05-01T00:00:00Z,1300668
2020-05-01T00:00:00Z,2020-05-01T00:00:00Z,1301044
2020-05-01T00:00:00Z,2020-05-01T00:00:00Z,1301676
2020-05-01T00:00:00Z,2020-05-01T00:00:00Z,1303783
2020-05-01T00:00:00Z,2020-05-01T00:00:00Z,1311617
2020-05-01T00:00:00Z,2020-06-01T00:00:00Z,700963
2020-05-01T00:00:00Z,2020-06-01T00:00:00Z,1044686
2020-05-01T00:00:00Z,2020-06-01T00:00:00Z,1022243
2020-05-01T00:00:00Z,2020-06-01T00:00:00Z,1142677
2020-05-01T00:00:00Z,2020-06-01T00:00:00Z,688779
2020-05-01T00:00:00Z,2020-06-01T00:00:00Z,1122397
2020-05-01T00:00:00Z,2020-06-01T00:00:00Z,1044686
2020-05-01T00:00:00Z,2020-06-01T00:00:00Z,1136340
2020-05-01T00:00:00Z,2020-06-01T00:00:00Z,218942
2020-05-01T00:00:00Z,2020-06-01T00:00:00Z,174327
2020-05-01T00:00:00Z,2020-06-01T00:00:00Z,1129124
2020-05-01T00:00:00Z,2020-06-01T00:00:00Z,742205
2020-05-01T00:00:00Z,2020-06-01T00:00:00Z,1089616
2020-05-01T00:00:00Z,2020-06-01T00:00:00Z,208572
2020-05-01T00:00:00Z,2020-06-01T00:00:00Z,174327
2020-05-01T00:00:00Z,2020-06-01T00:00:00Z,208572
2020-05-01T00:00:00Z,2020-06-01T00:00:00Z,1130262
2020-05-01T00:00:00Z,2020-06-01T00:00:00Z,1165509
2020-05-01T00:00:00Z,2020-06-01T00:00:00Z,716464
2020-05-01T00:00:00Z,2020-06-01T00:00:00Z,918896
2020-05-01T00:00:00Z,2020-06-01T00:00:00Z,1122397
2020-05-01T00:00:00Z,2020-06-01T00:00:00Z,922206
2020-05-01T00:00:00Z,2020-06-01T00:00:00Z,1122397
2020-05-01T00:00:00Z,2020-06-01T00:00:00Z,1139097
2020-05-01T00:00:00Z,2020-06-01T00:00:00Z,934758
2020-05-01T00:00:00Z,2020-06-01T00:00:00Z,1152560
2020-05-01T00:00:00Z,2020-06-01T00:00:00Z,1141796
2020-05-01T00:00:00Z,2020-06-01T00:00:00Z,1141796
2020-05-01T00:00:00Z,2020-06-01T00:00:00Z,201890
2020-05-01T00:00:00Z,2020-06-01T00:00:00Z,164561
2020-05-01T00:00:00Z,2020-06-01T00:00:00Z,1153907
2020-05-01T00:00:00Z,2020-06-01T00:00:00Z,1068673
2020-05-01T00:00:00Z,2020-06-01T00:00:00Z,480464
2020-05-01T00:00:00Z,2020-06-01T00:00:00Z,946277
2020-05-01T00:00:00Z,2020-06-01T00:00:00Z,946277
2020-05-01T00:00:00Z,2020-06-01T00:00:00Z,1143756
2020-05-01T00:00:00Z,2020-06-01T00:00:00Z,1150335
2020-05-01T00:00:00Z,2020-06-01T00:00:00Z,480464
2020-05-01T00:00:00Z,2020-06-01T00:00:00Z,1042214
2020-05-01T00:00:00Z,2020-06-01T00:00:00Z,723474
2020-05-01T00:00:00Z,2020-06-01T00:00:00Z,197720
2020-05-01T00:00:00Z,2020-06-01T00:00:00Z,695619
2020-05-01T00:00:00Z,2020-06-01T00:00:00Z,1050122
2020-05-01T00:00:00Z,2020-06-01T00:00:00Z,700963
2020-05-01T00:00:00Z,2020-06-01T00:00:00Z,1141796
2020-05-01T00:00:00Z,2020-06-01T00:00:00Z,1145629
2020-05-01T00:00:00Z,2020-06-01T00:00:00Z,189565
2020-05-01T00:00:00Z,2020-06-01T00:00:00Z,188838
2020-05-01T00:00:00Z,2020-06-01T00:00:00Z,188838
2020-05-01T00:00:00Z,2020-06-01T00:00:00Z,711820
2020-05-01T00:00:00Z,2020-06-01T00:00:00Z,183842
2020-05-01T00:00:00Z,2020-06-01T00:00:00Z,964054
2020-05-01T00:00:00Z,2020-06-01T00:00:00Z,964054
2020-05-01T00:00:00Z,2020-06-01T00:00:00Z,725672
2020-05-01T00:00:00Z,2020-06-01T00:00:00Z,1148148
2020-05-01T00:00:00Z,2020-06-01T00:00:00Z,800028
2020-05-01T00:00:00Z,2020-06-01T00:00:00Z,1148148
2020-05-01T00:00:00Z,2020-06-01T00:00:00Z,1146019
2020-05-01T00:00:00Z,2020-06-01T00:00:00Z,725672
2020-05-01T00:00:00Z,2020-06-01T00:00:00Z,1134612
2020-05-01T00:00:00Z,2020-06-01T00:00:00Z,713173
2020-05-01T00:00:00Z,2020-06-01T00:00:00Z,1174425
2020-05-01T00:00:00Z,2020-06-01T00:00:00Z,1002410
2020-05-01T00:00:00Z,2020-06-01T00:00:00Z,1002410
2020-05-01T00:00:00Z,2020-06-01T00:00:00Z,700963
2020-06-01T00:00:00Z,2020-06-01T00:00:00Z,1163446
2020-06-01T00:00:00Z,2020-06-01T00:00:00Z,1164250
2020-06-01T00:00:00Z,2020-06-01T00:00:00Z,1174018
2020-06-01T00:00:00Z,2020-06-01T00:00:00Z,1136700
2020-06-01T00:00:00Z,2020-06-01T00:00:00Z,1164838
2020-06-01T00:00:00Z,2020-06-01T00:00:00Z,1141253
2020-06-01T00:00:00Z,2020-06-01T00:00:00Z,1165095
2020-06-01T00:00:00Z,2020-06-01T00:00:00Z,697727
2020-06-01T00:00:00Z,2020-06-01T00:00:00Z,694260
2020-06-01T00:00:00Z,2020-06-01T00:00:00Z,1165402
2020-06-01T00:00:00Z,2020-06-01T00:00:00Z,702327
2020-06-01T00:00:00Z,2020-06-01T00:00:00Z,689037
2020-06-01T00:00:00Z,2020-06-01T00:00:00Z,683916
2020-06-01T00:00:00Z,2020-06-01T00:00:00Z,683427
2020-06-01T00:00:00Z,2020-06-01T00:00:00Z,646324
2020-06-01T00:00:00Z,2020-06-01T00:00:00Z,639639
2020-06-01T00:00:00Z,2020-06-01T00:00:00Z,618103
2020-06-01T00:00:00Z,2020-06-01T00:00:00Z,612147
2020-06-01T00:00:00Z,2020-06-01T00:00:00Z,612147
2020-06-01T00:00:00Z,2020-06-01T00:00:00Z,580744
2020-06-01T00:00:00Z,2020-06-01T00:00:00Z,554711
2020-06-01T00:00:00Z,2020-06-01T00:00:00Z,552146
2020-06-01T00:00:00Z,2020-06-01T00:00:00Z,551785
2020-06-01T00:00:00Z,2020-06-01T00:00:00Z,543982
2020-06-01T00:00:00Z,2020-06-01T00:00:00Z,446302
2020-06-01T00:00:00Z,2020-06-01T00:00:00Z,707598
2020-06-01T00:00:00Z,2020-06-01T00:00:00Z,707598
2020-06-01T00:00:00Z,2020-06-01T00:00:00Z,708619
2020-06-01T00:00:00Z,2020-06-01T00:00:00Z,1174394
2020-06-01T00:00:00Z,2020-06-01T00:00:00Z,432638
2020-06-01T00:00:00Z,2020-06-01T00:00:00Z,432638
2020-06-01T00:00:00Z,2020-06-01T00:00:00Z,432638
2020-06-01T00:00:00Z,2020-06-01T00:00:00Z,409101
2020-06-01T00:00:00Z,2020-06-01T00:00:00Z,409101
2020-06-01T00:00:00Z,2020-06-01T00:00:00Z,409101
2020-06-01T00:00:00Z,2020-06-01T00:00:00Z,406864
2020-06-01T00:00:00Z,2020-06-01T00:00:00Z,406864
2020-06-01T00:00:00Z,2020-06-01T00:00:00Z,320957
2020-06-01T00:00:00Z,2020-06-01T00:00:00Z,715127
2020-06-01T00:00:00Z,2020-06-01T00:00:00Z,715127
2020-06-01T00:00:00Z,2020-06-01T00:00:00Z,1142817
2020-06-01T00:00:00Z,2020-06-01T00:00:00Z,716596
2020-06-01T00:00:00Z,2020-06-01T00:00:00Z,719018
2020-06-01T00:00:00Z,2020-06-01T00:00:00Z,719183
2020-06-01T00:00:00Z,2020-06-01T00:00:00Z,719183
2020-06-01T00:00:00Z,2020-06-01T00:00:00Z,719307
2020-06-01T00:00:00Z,2020-06-01T00:00:00Z,1143278
2020-06-01T00:00:00Z,2020-06-01T00:00:00Z,1165762
2020-06-01T00:00:00Z,2020-06-01T00:00:00Z,721077
2020-06-01T00:00:00Z,2020-06-01T00:00:00Z,1165956
2020-06-01T00:00:00Z,2020-06-01T00:00:00Z,1166080
2020-06-01T00:00:00Z,2020-06-01T00:00:00Z,288994
2020-06-01T00:00:00Z,2020-06-01T00:00:00Z,286646
2020-06-01T00:00:00Z,2020-06-01T00:00:00Z,263029
2020-06-01T00:00:00Z,2020-06-01T00:00:00Z,248390
2020-06-01T00:00:00Z,2020-06-01T00:00:00Z,1166712
2020-06-01T00:00:00Z,2020-06-01T00:00:00Z,1167134
2020-06-01T00:00:00Z,2020-06-01T00:00:00Z,732295
2020-06-01T00:00:00Z,2020-06-01T00:00:00Z,732295
2020-06-01T00:00:00Z,2020-06-01T00:00:00Z,732295
2020-06-01T00:00:00Z,2020-06-01T00:00:00Z,1146327
2020-06-01T00:00:00Z,2020-06-01T00:00:00Z,1146327
2020-06-01T00:00:00Z,2020-06-01T00:00:00Z,733356
2020-06-01T00:00:00Z,2020-06-01T00:00:00Z,1146838
2020-06-01T00:00:00Z,2020-06-01T00:00:00Z,736637
2020-06-01T00:00:00Z,2020-06-01T00:00:00Z,736721
2020-06-01T00:00:00Z,2020-06-01T00:00:00Z,1146891
2020-06-01T00:00:00Z,2020-06-01T00:00:00Z,225670
2020-06-01T00:00:00Z,2020-06-01T00:00:00Z,216811
2020-06-01T00:00:00Z,2020-06-01T00:00:00Z,1146942
2020-06-01T00:00:00Z,2020-06-01T00:00:00Z,205372
2020-06-01T00:00:00Z,2020-06-01T00:00:00Z,743288
2020-06-01T00:00:00Z,2020-06-01T00:00:00Z,745133
2020-06-01T00:00:00Z,2020-06-01T00:00:00Z,745635
2020-06-01T00:00:00Z,2020-06-01T00:00:00Z,745847
2020-06-01T00:00:00Z,2020-06-01T00:00:00Z,1175355
2020-06-01T00:00:00Z,2020-06-01T00:00:00Z,1147661
2020-06-01T00:00:00Z,2020-06-01T00:00:00Z,204360
2020-06-01T00:00:00Z,2020-06-01T00:00:00Z,202878
2020-06-01T00:00:00Z,2020-06-01T00:00:00Z,201685
2020-06-01T00:00:00Z,2020-06-01T00:00:00Z,200633
2020-06-01T00:00:00Z,2020-06-01T00:00:00Z,200350
2020-06-01T00:00:00Z,2020-06-01T00:00:00Z,198674
2020-06-01T00:00:00Z,2020-06-01T00:00:00Z,198674
2020-06-01T00:00:00Z,2020-06-01T00:00:00Z,755113
2020-06-01T00:00:00Z,2020-06-01T00:00:00Z,755113
2020-06-01T00:00:00Z,2020-06-01T00:00:00Z,1148044
2020-06-01T00:00:00Z,2020-06-01T00:00:00Z,1168862
2020-06-01T00:00:00Z,2020-06-01T00:00:00Z,197534
2020-06-01T00:00:00Z,2020-06-01T00:00:00Z,196027
2020-06-01T00:00:00Z,2020-06-01T00:00:00Z,191534
2020-06-01T00:00:00Z,2020-06-01T00:00:00Z,185019
2020-06-01T00:00:00Z,2020-06-01T00:00:00Z,182947
2020-06-01T00:00:00Z,2020-06-01T00:00:00Z,803602
2020-06-01T00:00:00Z,2020-06-01T00:00:00Z,1148316
2020-06-01T00:00:00Z,2020-06-01T00:00:00Z,182106
2020-06-01T00:00:00Z,2020-06-01T00:00:00Z,182106
2020-06-01T00:00:00Z,2020-06-01T00:00:00Z,176574
2020-06-01T00:00:00Z,2020-06-01T00:00:00Z,176574
2020-06-01T00:00:00Z,2020-06-01T00:00:00Z,175024
2020-06-01T00:00:00Z,2020-06-01T00:00:00Z,819743
2020-06-01T00:00:00Z,2020-06-01T00:00:00Z,819743
2020-06-01T00:00:00Z,2020-06-01T00:00:00Z,1148544
2020-06-01T00:00:00Z,2020-06-01T00:00:00Z,1148580
2020-06-01T00:00:00Z,2020-06-01T00:00:00Z,843953
2020-06-01T00:00:00Z,2020-06-01T00:00:00Z,849586
2020-06-01T00:00:00Z,2020-06-01T00:00:00Z,849586
2020-06-01T00:00:00Z,2020-06-01T00:00:00Z,1149447
2020-06-01T00:00:00Z,2020-06-01T00:00:00Z,889896
2020-06-01T00:00:00Z,2020-06-01T00:00:00Z,889896
2020-06-01T00:00:00Z,2020-06-01T00:00:00Z,1149507
2020-06-01T00:00:00Z,2020-06-01T00:00:00Z,1149507
2020-06-01T00:00:00Z,2020-06-01T00:00:00Z,173950
2020-06-01T00:00:00Z,2020-06-01T00:00:00Z,170131
2020-06-01T00:00:00Z,2020-06-01T00:00:00Z,169469
2020-06-01T00:00:00Z,2020-06-01T00:00:00Z,1149570
2020-06-01T00:00:00Z,2020-06-01T00:00:00Z,1149776
2020-06-01T00:00:00Z,2020-06-01T00:00:00Z,169469
2020-06-01T00:00:00Z,2020-06-01T00:00:00Z,168059
2020-06-01T00:00:00Z,2020-06-01T00:00:00Z,1169115
2020-06-01T00:00:00Z,2020-06-01T00:00:00Z,167018
2020-06-01T00:00:00Z,2020-06-01T00:00:00Z,165424
2020-06-01T00:00:00Z,2020-06-01T00:00:00Z,942420
2020-06-01T00:00:00Z,2020-06-01T00:00:00Z,164543
2020-06-01T00:00:00Z,2020-06-01T00:00:00Z,164313
2020-06-01T00:00:00Z,2020-06-01T00:00:00Z,163426
2020-06-01T00:00:00Z,2020-06-01T00:00:00Z,1150191
2020-06-01T00:00:00Z,2020-06-01T00:00:00Z,1170693
2020-06-01T00:00:00Z,2020-06-01T00:00:00Z,1171646
2020-06-01T00:00:00Z,2020-06-01T00:00:00Z,1171646
2020-06-01T00:00:00Z,2020-06-01T00:00:00Z,1150767
2020-06-01T00:00:00Z,2020-06-01T00:00:00Z,1151072
2020-06-01T00:00:00Z,2020-06-01T00:00:00Z,161848
2020-06-01T00:00:00Z,2020-06-01T00:00:00Z,161848
2020-06-01T00:00:00Z,2020-06-01T00:00:00Z,126315
2020-06-01T00:00:00Z,2020-06-01T00:00:00Z,105817
2020-06-01T00:00:00Z,2020-06-01T00:00:00Z,105392
2020-06-01T00:00:00Z,2020-06-01T00:00:00Z,105392
2020-06-01T00:00:00Z,2020-06-01T00:00:00Z,86190
2020-06-01T00:00:00Z,2020-06-01T00:00:00Z,73589
2020-06-01T00:00:00Z,2020-06-01T00:00:00Z,962975
2020-06-01T00:00:00Z,2020-06-01T00:00:00Z,1151536
2020-06-01T00:00:00Z,2020-06-01T00:00:00Z,38431
2020-06-01T00:00:00Z,2020-06-01T00:00:00Z,30120
2020-06-01T00:00:00Z,2020-06-01T00:00:00Z,991023
2020-06-01T00:00:00Z,2020-06-01T00:00:00Z,991345
2020-06-01T00:00:00Z,2020-06-01T00:00:00Z,991345
2020-06-01T00:00:00Z,2020-06-01T00:00:00Z,991345
2020-06-01T00:00:00Z,2020-06-01T00:00:00Z,1001106
2020-06-01T00:00:00Z,2020-06-01T00:00:00Z,1151541
2020-06-01T00:00:00Z,2020-06-01T00:00:00Z,1005953
2020-06-01T00:00:00Z,2020-06-01T00:00:00Z,1005499
2020-06-01T00:00:00Z,2020-06-01T00:00:00Z,1005953
2020-06-01T00:00:00Z,2020-06-01T00:00:00Z,1011736
2020-06-01T00:00:00Z,2020-06-01T00:00:00Z,1011736
2020-06-01T00:00:00Z,2020-06-01T00:00:00Z,1017912
2020-06-01T00:00:00Z,2020-06-01T00:00:00Z,1152094
2020-06-01T00:00:00Z,2020-06-01T00:00:00Z,1033139
2020-06-01T00:00:00Z,2020-06-01T00:00:00Z,1033139
2020-06-01T00:00:00Z,2020-06-01T00:00:00Z,1040941
2020-06-01T00:00:00Z,2020-06-01T00:00:00Z,1040941
2020-06-01T00:00:00Z,2020-06-01T00:00:00Z,1152422
2020-06-01T00:00:00Z,2020-06-01T00:00:00Z,1042604
2020-06-01T00:00:00Z,2020-06-01T00:00:00Z,1042604
2020-06-01T00:00:00Z,2020-06-01T00:00:00Z,1042604
2020-06-01T00:00:00Z,2020-06-01T00:00:00Z,1044229
2020-06-01T00:00:00Z,2020-06-01T00:00:00Z,1044229
2020-06-01T00:00:00Z,2020-06-01T00:00:00Z,1152422
2020-06-01T00:00:00Z,2020-06-01T00:00:00Z,1152422
2020-06-01T00:00:00Z,2020-06-01T00:00:00Z,1061196
2020-06-01T00:00:00Z,2020-06-01T00:00:00Z,1061196
2020-06-01T00:00:00Z,2020-06-01T00:00:00Z,1152558
2020-06-01T00:00:00Z,2020-06-01T00:00:00Z,1069160
2020-06-01T00:00:00Z,2020-06-01T00:00:00Z,1171772
2020-06-01T00:00:00Z,2020-06-01T00:00:00Z,1152962
2020-06-01T00:00:00Z,2020-06-01T00:00:00Z,1153723
2020-06-01T00:00:00Z,2020-06-01T00:00:00Z,1153723
2020-06-01T00:00:00Z,2020-06-01T00:00:00Z,1172373
2020-06-01T00:00:00Z,2020-06-01T00:00:00Z,1154062
2020-06-01T00:00:00Z,2020-06-01T00:00:00Z,1154195
2020-06-01T00:00:00Z,2020-06-01T00:00:00Z,1154195
2020-06-01T00:00:00Z,2020-06-01T00:00:00Z,1097771
2020-06-01T00:00:00Z,2020-06-01T00:00:00Z,1154841
2020-06-01T00:00:00Z,2020-06-01T00:00:00Z,1154841
2020-06-01T00:00:00Z,2020-06-01T00:00:00Z,1107584
2020-06-01T00:00:00Z,2020-06-01T00:00:00Z,1110229
2020-06-01T00:00:00Z,2020-06-01T00:00:00Z,1154988
2020-06-01T00:00:00Z,2020-06-01T00:00:00Z,1155006
2020-06-01T00:00:00Z,2020-06-01T00:00:00Z,1155326
2020-06-01T00:00:00Z,2020-06-01T00:00:00Z,1172949
2020-06-01T00:00:00Z,2020-06-01T00:00:00Z,1156222
2020-06-01T00:00:00Z,2020-06-01T00:00:00Z,1156266
2020-06-01T00:00:00Z,2020-06-01T00:00:00Z,1157429
2020-06-01T00:00:00Z,2020-06-01T00:00:00Z,1157527
2020-06-01T00:00:00Z,2020-06-01T00:00:00Z,1123859
2020-06-01T00:00:00Z,2020-06-01T00:00:00Z,1124415
2020-06-01T00:00:00Z,2020-06-01T00:00:00Z,1124415
2020-06-01T00:00:00Z,2020-06-01T00:00:00Z,1173706
2020-06-01T00:00:00Z,2020-06-01T00:00:00Z,1158361
2020-06-01T00:00:00Z,2020-06-01T00:00:00Z,1158898
2020-06-01T00:00:00Z,2020-06-01T00:00:00Z,1128867
2020-06-01T00:00:00Z,2020-06-01T00:00:00Z,1159251
2020-06-01T00:00:00Z,2020-06-01T00:00:00Z,1159490
2020-06-01T00:00:00Z,2020-06-01T00:00:00Z,1173720
2020-06-01T00:00:00Z,2020-06-01T00:00:00Z,1161557
2020-06-01T00:00:00Z,2020-06-01T00:00:00Z,1130587
2020-06-01T00:00:00Z,2020-06-01T00:00:00Z,1132406
2020-06-01T00:00:00Z,2020-06-01T00:00:00Z,1133615
2020-06-01T00:00:00Z,2020-06-01T00:00:00Z,1174018
2020-06-01T00:00:00Z,2020-06-01T00:00:00Z,1162544
2020-06-01T00:00:00Z,2020-06-01T00:00:00Z,1162656
2020-06-01T00:00:00Z,2020-06-01T00:00:00Z,1162656
2020-06-01T00:00:00Z,2020-06-01T00:00:00Z,1162817
2020-06-01T00:00:00Z,2020-06-01T00:00:00Z,1162817
2020-06-01T00:00:00Z,2020-06-01T00:00:00Z,1135882
2020-06-01T00:00:00Z,2020-06-01T00:00:00Z,1163446
